{"cameraMode":{"drawMode":0,"name":"Shaded","section":"Shading Mode"},"sceneLighting":true,"audioPlay":false,"sceneViewState":{"m_AlwaysRefresh":false,"showFog":true,"showSkybox":true,"showFlares":true,"showImageEffects":true,"showParticleSystems":true,"showVisualEffectGraphs":true,"m_FxEnabled":true},"in2DMode":false,"pivot":{"x":2.107334613800049,"y":-0.5978994369506836,"z":1.875162124633789},"rotation":{"x":-0.26651647686958315,"y":0.059803713113069537,"z":-0.016573267057538034,"w":-0.9618358612060547},"size":5.097838878631592,"orthographic":false}